Idioms, Meaning, Hindi Meaning, Year
A piece of cake, Something very easily doable, Hindi, 2024
A bad patch, A period of time when a person faces lots of troubles, एक बुरा दौर, 2024
A bitter pill, Facing a distressing situation, एक कड़वी गोली, 2024
A blessing in disguise, an apparent misfortune that eventually has good results, भेष में आशीर्वाद, 2024
A daredevil, A fearless person, एक साहसी, 2024
A dime a dozen, Something common and not special, दस सेंट भी एक दर्जन से अधिक, 2024
A rainy day, A time when money might unexpectedly be needed, बरसात वाला दिन, 2024
A vicious cycle, A continuing unpleasant situation, created another problem that then makes the first problem worse, एक दुष्चक्र, 2024
Around the clock, Day and night, चौबीस घंटे, 2024
At a low ebb, In a depressed or weak state, निम्न स्तर पर, 2024
At her wits' end, So worried, confused, or annoyed that she does not know what to do next, वह पूरी तरह से परेशान है, 2024
Beside the mark, Irrelevant, निशान के बगल में, 2024
Bite the bullet, To force yourself to do something unpleasant, मज़बूरी को स्वीकार करना, 2024
Break a leg, To wish good luck, भाग्य तुम्हारे साथ हो, 2024
Break the ice, to say or do something that makes people feel more relaxed, especially at the beginning of a meeting, party, पहल करो, 2024
Call a space a space, Speak truthfully, किसी स्थान को स्थान कहें, 2024
Care a hang, Showing no interest, एक फांसी की देखभाल, 2024
Come rain or shine, Under any circumstances, चाहे बारिश हो या धूप, 2024
Cook someone's goose, To interfere with, disrupt or ruin something for someone, किसी का हंस पकाना, 2024
Creature of habit, One who does same thing in the same way, आदत का प्राणी, 2024
Cut corners, Do something in an inexpensive and easy way, कटे हुए कोने, 2024
Easy does it, Used to tell someone to do something slowly and carefully, आराम से, 2024
Fair weather friends, Friends in good times, अच्छे मौसम के दोस्त, 2024
Fall flat, Had no effect on, चित्त गिरना, 2024
Fish out of water, Uncomfortable, पानी से बाहर मछली, 2024
Five-finger discount, Steal from a shop, पांच-उंगली छूट, 2024
Gift of the gab, A talent for speaking, भाषणक्षमता, 2024
Henpecked husbands, Oppressed husband, डरपोक पति, 2024
High and dry, Helpless, उच्च और सूखा, 2024
Hit the nail on the head, They have accurately identified or explained something, कील के सिर पर मारो, 2024
Hit the roof, To become very angry, छत पर जाओ, 2024
Jaundiced eye, Resentment, पीलियाग्रस्त आँख, 2024
Jump the gun, To do something too soon and too quickly, जल्दबाजी में निर्णय लें, 2024
Keep cards close to chest, Keep plans and thoughts hidden, कार्ड को सीने के पास रखें, 2024
Left out in the cold, To be ignored, ठंड में छोड़ दिया गया, 2024
Let the dust settle, To wait for a situation to become clear or certain, धूल जमने दो, 2024
Made a scapegoat, Blamed for the mistakes of others, बलि का बकरा बनाया गया, 2024
maiden speech, first speech, प्रथम भाषण, 2024
Make a beeline for, Going straight and quick, के लिए सीधी रेखा बनाओ, 2024
Many ups and downs, Many good and bad times, कई उतार-चढ़ाव, 2024
Move heavens and earth, Tried very hard, आकाश और पृथ्वी को हिलाओ, 2024
Nobody's fool, Not easily deceived, कोई भी मूर्ख नहीं, 2024
Off and on, Now and then // Periodically, आए दिन, 2024
Olive branch, Gesture of peace, जैतून शाखा, 2024
On cloud nine, Being very delighted, ठिक रात के नव बजे, 2024
On the ball, Aware of any changes or developments and quick to react to them, काम में तेज, 2024
On the fence, Halting between two options, बाड़े पर, 2024
Once in a blue moon, Not very often, ईद का चाँद होना, 2024
Pat on the back, Praise or approval for doing something good, पीठ पर थपथपाना, 2024
Penelope's web, An endless task, पेनेलोप का जाल, 2024
Pull a long face, To look saddened, लंबा चेहरा बनाओ, 2024
Pull our socks up, Work harder than before, अपने मोज़े ऊपर खींचो, 2024
Read between the lines, To understand more than what the words suggest, लाइनों के बीच पढ़ें, 2024
Spill the beans, Tell others secret information, भेद खोलना, 2024
Start from scratch, To start or create something from very beginning, शून्य से शुरू करें, 2024
Straight from the horse's mouth, Given by somebody who is directly involved and therefore likely to be accurate, सीधे घोड़े के मुँह से, 2024
Straight shooter, A thoroughly upright straightforward person, सीधा निशानेबाज, 2024
Straighten up and fly right, Improve absurd behaviour and act seriously, सीधे खड़े हो जाओ और दाईं ओर उड़ो, 2024
The Lion's share, The major portion, शेर का हिस्सा, 2024
The tip of the iceberg, A small, noticeable part of a problem, the total size of which is really much grater, हिमशैल का सिरा, 2024
Through thick and thin, Under all conditions, no matter how challenging or difficult, अच्छे और बुरे समय में, 2024
To bring to light, To disclose, प्रकाश में लाना, 2024
To have bigger fish to fry, To have bigger things to take care of then the menial task at hand, बड़ी मछलियाँ तलने के लिए, 2024
To keep the wolf away from the door, Avoid starvation, भेड़िये को दरवाजे से दूर रखने के लिए, 2024
To turn a deaf ear, Disregarded, अनसुना करना, 2024
Turned up one's nose, Treated her with contempt, नाक ऊपर कर ली, 2024
When life gives you lemons, make lemonade, Make the best out of difficult situations, जब भी जीवन में मुश्किलें आएं तो उनका भी लाभ उठाएं, 2024
